{
  "__version__": "1.0.2",
  "builder": {},
  "gizmos-infos": {
    "is2D": true,
    "is3DIcon": false,
    "iconSize": 2,
    "gridVisible": true,
    "gridColor": [
      166,
      166,
      166,
      255
    ],
    "transformToolName": "position",
    "pivot": "pivot",
    "coordinate": "local",
    "toolsVisibility3d": true
  },
  "snap-configs": {
    "position": {
      "x": 1,
      "y": 1,
      "z": 1
    },
    "rotation": 1,
    "scale": 1,
    "isPositionSnapEnabled": false,
    "isRotationSnapEnabled": false,
    "isScaleSnapEnabled": false
  },
  "rect-snap-configs": {
    "enableSnapping": true,
    "snapThreshold": 4
  },
  "camera-infos": {
    "9cc71d8c-192a-4234-8204-352f42b95c65": {
      "position": {
        "x": 599.9999999999999,
        "y": 359.9999999999999,
        "z": 5000
      },
      "rotation": {
        "x": 0,
        "y": 0,
        "z": 0,
        "w": 1
      },
      "viewCenter": {
        "x": 600,
        "y": 360,
        "z": 0
      },
      "contentRect": {
        "x": 284.35819499649284,
        "y": 202.17909749824645,
        "width": 855.4000000000001,
        "height": 513.2400000000001
      },
      "scale": 0.7128333333333335
    },
    "80f1f6cc-e3c7-4c99-8b81-1083aa66330a": {
      "position": {
        "x": 600,
        "y": 410,
        "z": 5000
      },
      "rotation": {
        "x": 0,
        "y": 0,
        "z": 0,
        "w": 1
      },
      "viewCenter": {
        "x": 600,
        "y": 360,
        "z": 0
      },
      "contentRect": {
        "x": 330.5,
        "y": 248.29999999999995,
        "width": 855.4000000000001,
        "height": 158.70129870129873
      },
      "scale": 1.5870129870129872
    },
    "51127053-183b-41dc-b9d5-de54f6774526": {
      "position": {
        "x": 600,
        "y": 360,
        "z": 5000
      },
      "rotation": {
        "x": 0,
        "y": 0,
        "z": 0,
        "w": 1
      },
      "viewCenter": {
        "x": 600,
        "y": 360,
        "z": 0
      },
      "contentRect": {
        "x": 474.269347673603,
        "y": 297.13467383680154,
        "width": 855.4000000000001,
        "height": 572.652719665272
      },
      "scale": 1.789539748953975
    },
    "b2c7551a-2cd9-4ef0-beef-fdce5988ff03": {
      "position": {
        "x": 953.8409497920431,
        "y": 182.19160116538959,
        "z": 5000
      },
      "rotation": {
        "x": 0,
        "y": 0,
        "z": 0,
        "w": 1
      },
      "viewCenter": {
        "x": 600,
        "y": 360,
        "z": 0
      },
      "contentRect": {
        "x": 606.3415181524889,
        "y": -50.4440016058601,
        "width": 855.4000000000001,
        "height": 572.652719665272
      },
      "scale": 1.2307933799547457
    },
    "142393a8-2641-4775-a79c-cbfe1bd9e5ca": {
      "position": {
        "x": 599.9999999999999,
        "y": 608.6827458256029,
        "z": 5000
      },
      "rotation": {
        "x": 0,
        "y": 0,
        "z": 0,
        "w": 1
      },
      "viewCenter": {
        "x": 600,
        "y": 360,
        "z": 0
      },
      "contentRect": {
        "x": 0,
        "y": 207.00910565823904,
        "width": 855.4000000000001,
        "height": 513.2400000000001
      },
      "scale": 0.7128333333333335
    },
    "7677e4ff-5f0c-429c-bdbc-c35d091dfaf4": {
      "position": {
        "x": 599.9999999999999,
        "y": 359.9999999999999,
        "z": 5000
      },
      "rotation": {
        "x": 0,
        "y": 0,
        "z": 0,
        "w": 1
      },
      "viewCenter": {
        "x": 600,
        "y": 360,
        "z": 0
      },
      "contentRect": {
        "x": 0,
        "y": 0,
        "width": 855.4000000000001,
        "height": 513.2400000000001
      },
      "scale": 0.7128333333333335
    },
    "2501cdfd-ca13-49a6-9c23-ea51586c54c4": {
      "position": {
        "x": 600,
        "y": 360,
        "z": 5000
      },
      "rotation": {
        "x": 0,
        "y": 0,
        "z": 0,
        "w": 1
      },
      "viewCenter": {
        "x": 600,
        "y": 360,
        "z": 0
      },
      "contentRect": {
        "x": 361,
        "y": 200,
        "width": 855.4000000000001,
        "height": 572.652719665272
      },
      "scale": 1.789539748953975
    },
    "79df73a8-8755-4e20-bd86-9e39bd9e78b5": {
      "position": {
        "x": 600,
        "y": 359.99999999999994,
        "z": 5000
      },
      "rotation": {
        "x": 0,
        "y": 0,
        "z": 0,
        "w": 1
      },
      "viewCenter": {
        "x": 0,
        "y": 0,
        "z": 0
      },
      "contentRect": {
        "x": 267.0092497430627,
        "y": 193.50462487153135,
        "width": 810.8333333333334,
        "height": 486.5
      },
      "scale": 0.6756944444444445
    },
    "840b2f07-d39c-49eb-9b34-ad0a077bf561": {
      "position": {
        "x": 1037.5833333333333,
        "y": 711.75,
        "z": 5000
      },
      "rotation": {
        "x": 0,
        "y": 0,
        "z": 0,
        "w": 1
      },
      "viewCenter": {
        "x": 0,
        "y": 0,
        "z": 0
      },
      "contentRect": {
        "x": 316.0833333333333,
        "y": 234.25,
        "width": 1443,
        "height": 955
      },
      "scale": 1
    },
    "2e4ee0e4-5b5e-4381-950f-67a4a7f35b54": {
      "position": {
        "x": 599.9999999999999,
        "y": 360,
        "z": 5000
      },
      "rotation": {
        "x": 0,
        "y": 0,
        "z": 0,
        "w": 1
      },
      "viewCenter": {
        "x": 0,
        "y": 0,
        "z": 0
      },
      "contentRect": {
        "x": 450.9419152276294,
        "y": 285.47095761381473,
        "width": 452.84360189573465,
        "height": 445.9
      },
      "scale": 1.509478672985782
    },
    "04677476-238d-4116-8fa9-f777282dcfe4": {
      "position": {
        "x": 0,
        "y": 0,
        "z": 5000
      },
      "rotation": {
        "x": 0,
        "y": 0,
        "z": 0,
        "w": 1
      },
      "viewCenter": {
        "x": 0,
        "y": 0,
        "z": 0
      },
      "contentRect": {
        "x": -219.79999999999998,
        "y": -131.95,
        "width": 0,
        "height": 0
      },
      "scale": 1
    },
    "a43c7a5c-091f-4bed-a6b5-a295e58b4bc1": {
      "position": {
        "x": 0,
        "y": 0,
        "z": 5000
      },
      "rotation": {
        "x": 0,
        "y": 0,
        "z": 0,
        "w": 1
      },
      "viewCenter": {
        "x": 0,
        "y": 0,
        "z": 0
      },
      "contentRect": {
        "x": -516.6,
        "y": -243.25,
        "width": 0,
        "height": 0
      },
      "scale": 1
    },
    "6b14b71e-74ef-4af5-9375-546472b45751": {
      "position": {
        "x": 600,
        "y": 425,
        "z": 5000
      },
      "rotation": {
        "x": 0,
        "y": 0,
        "z": 0,
        "w": 1
      },
      "viewCenter": {
        "x": 0,
        "y": 0,
        "z": 0
      },
      "contentRect": {
        "x": 600,
        "y": 425,
        "width": 486.5,
        "height": 486.5
      },
      "scale": 3.7423076923076923
    },
    "d13595eb-89e2-420c-ac89-dd01eac55a55": {
      "position": {
        "x": 0,
        "y": 0,
        "z": 5000
      },
      "rotation": {
        "x": 0,
        "y": 0,
        "z": 0,
        "w": 1
      },
      "viewCenter": {
        "x": 0,
        "y": 0,
        "z": 0
      },
      "contentRect": {
        "x": 0,
        "y": 0,
        "width": 0,
        "height": 0
      },
      "scale": 1
    },
    "5d143d96-858f-4478-8bb4-f8279e87b509": {
      "position": {
        "x": 600,
        "y": 360,
        "z": 5000
      },
      "rotation": {
        "x": 0,
        "y": 0,
        "z": 0,
        "w": 1
      },
      "viewCenter": {
        "x": 0,
        "y": 0,
        "z": 0
      },
      "contentRect": {
        "x": 324.41341463414636,
        "y": 212.70027100271008,
        "width": 524.6445497630332,
        "height": 516.6
      },